Current epoch time,Current epoch time,Open,High,Low,Close,volume,Date,Time
2024-01-04 09:15:00+05:30,1704339900,120.0,122.05,108.65,109.25,224350,2024-01-04,09:15:00
2024-01-04 09:16:00+05:30,1704339960,109.1,109.1,102.0,102.65,177050,2024-01-04,09:16:00
2024-01-04 09:17:00+05:30,1704340020,102.8,105.0,100.75,104.35,129900,2024-01-04,09:17:00
2024-01-04 09:18:00+05:30,1704340080,104.25,104.35,100.55,100.65,118300,2024-01-04,09:18:00
2024-01-04 09:19:00+05:30,1704340140,100.65,102.65,99.5,100.3,96900,2024-01-04,09:19:00
2024-01-04 09:20:00+05:30,1704340200,99.75,99.75,97.0,97.85,194650,2024-01-04,09:20:00
2024-01-04 09:21:00+05:30,1704340260,97.85,97.9,95.35,97.35,104050,2024-01-04,09:21:00
2024-01-04 09:22:00+05:30,1704340320,97.35,97.8,95.65,96.0,81600,2024-01-04,09:22:00
2024-01-04 09:23:00+05:30,1704340380,96.0,96.25,92.5,93.9,92800,2024-01-04,09:23:00
2024-01-04 09:24:00+05:30,1704340440,93.9,94.45,93.3,94.0,65700,2024-01-04,09:24:00
2024-01-04 09:25:00+05:30,1704340500,94.0,95.2,93.45,93.6,75100,2024-01-04,09:25:00
2024-01-04 09:26:00+05:30,1704340560,93.6,93.6,91.6,93.1,68950,2024-01-04,09:26:00
2024-01-04 09:27:00+05:30,1704340620,93.1,93.4,90.45,91.45,78200,2024-01-04,09:27:00
2024-01-04 09:28:00+05:30,1704340680,91.45,92.5,90.35,90.4,99600,2024-01-04,09:28:00
2024-01-04 09:29:00+05:30,1704340740,90.4,90.65,88.25,89.0,99650,2024-01-04,09:29:00
2024-01-04 09:30:00+05:30,1704340800,89.0,89.0,86.8,88.85,95600,2024-01-04,09:30:00
2024-01-04 09:31:00+05:30,1704340860,89.05,89.15,88.1,88.75,43850,2024-01-04,09:31:00
2024-01-04 09:32:00+05:30,1704340920,88.75,90.3,88.75,89.4,59750,2024-01-04,09:32:00
2024-01-04 09:33:00+05:30,1704340980,89.25,91.9,89.25,91.55,74200,2024-01-04,09:33:00
2024-01-04 09:34:00+05:30,1704341040,91.55,92.5,90.3,91.75,54150,2024-01-04,09:34:00
2024-01-04 09:35:00+05:30,1704341100,91.75,92.1,91.0,91.1,54900,2024-01-04,09:35:00
2024-01-04 09:36:00+05:30,1704341160,91.1,92.7,91.1,92.3,41000,2024-01-04,09:36:00
2024-01-04 09:37:00+05:30,1704341220,92.3,92.3,85.5,87.0,134200,2024-01-04,09:37:00
2024-01-04 09:38:00+05:30,1704341280,87.0,87.2,84.5,86.2,130900,2024-01-04,09:38:00
2024-01-04 09:39:00+05:30,1704341340,86.2,86.85,85.65,86.5,86050,2024-01-04,09:39:00
2024-01-04 09:40:00+05:30,1704341400,86.3,87.35,85.5,86.9,91750,2024-01-04,09:40:00
2024-01-04 09:41:00+05:30,1704341460,86.9,87.2,86.2,86.7,55050,2024-01-04,09:41:00
2024-01-04 09:42:00+05:30,1704341520,86.7,87.75,86.05,86.8,58750,2024-01-04,09:42:00
2024-01-04 09:43:00+05:30,1704341580,86.95,88.0,86.55,87.3,47350,2024-01-04,09:43:00
2024-01-04 09:44:00+05:30,1704341640,87.3,87.55,85.1,85.15,37500,2024-01-04,09:44:00
2024-01-04 09:45:00+05:30,1704341700,85.15,85.15,83.0,83.5,89950,2024-01-04,09:45:00
2024-01-04 09:46:00+05:30,1704341760,83.5,85.25,82.9,85.2,43500,2024-01-04,09:46:00
2024-01-04 09:47:00+05:30,1704341820,85.2,85.8,84.15,85.35,26150,2024-01-04,09:47:00
2024-01-04 09:48:00+05:30,1704341880,85.3,87.7,85.1,87.7,59700,2024-01-04,09:48:00
2024-01-04 09:49:00+05:30,1704341940,87.7,87.95,86.15,86.8,29900,2024-01-04,09:49:00
2024-01-04 09:50:00+05:30,1704342000,86.8,87.0,84.8,84.8,50600,2024-01-04,09:50:00
2024-01-04 09:51:00+05:30,1704342060,84.8,85.6,84.65,85.3,42550,2024-01-04,09:51:00
2024-01-04 09:52:00+05:30,1704342120,85.3,90.3,85.3,89.05,82800,2024-01-04,09:52:00
2024-01-04 09:53:00+05:30,1704342180,89.05,89.4,82.05,83.75,104200,2024-01-04,09:53:00
2024-01-04 09:54:00+05:30,1704342240,83.75,85.6,83.6,84.35,36050,2024-01-04,09:54:00
2024-01-04 09:55:00+05:30,1704342300,84.35,84.35,82.75,82.8,39200,2024-01-04,09:55:00
2024-01-04 09:56:00+05:30,1704342360,82.8,83.35,82.4,82.8,47550,2024-01-04,09:56:00
2024-01-04 09:57:00+05:30,1704342420,82.8,84.0,82.4,82.7,41200,2024-01-04,09:57:00
2024-01-04 09:58:00+05:30,1704342480,82.7,86.25,81.5,85.0,60850,2024-01-04,09:58:00
2024-01-04 09:59:00+05:30,1704342540,85.0,85.9,84.0,84.45,13300,2024-01-04,09:59:00
2024-01-04 10:00:00+05:30,1704342600,84.45,84.5,82.9,83.3,35750,2024-01-04,10:00:00
2024-01-04 10:01:00+05:30,1704342660,83.0,84.35,82.7,83.5,32200,2024-01-04,10:01:00
2024-01-04 10:02:00+05:30,1704342720,83.5,84.75,83.5,83.9,32250,2024-01-04,10:02:00
2024-01-04 10:03:00+05:30,1704342780,83.9,84.75,83.9,84.05,11950,2024-01-04,10:03:00
2024-01-04 10:04:00+05:30,1704342840,84.15,84.5,78.45,79.35,101150,2024-01-04,10:04:00
2024-01-04 10:05:00+05:30,1704342900,79.15,81.6,77.15,80.75,117700,2024-01-04,10:05:00
2024-01-04 10:06:00+05:30,1704342960,80.6,81.6,79.45,80.1,43200,2024-01-04,10:06:00
2024-01-04 10:07:00+05:30,1704343020,80.35,80.45,79.3,80.3,39450,2024-01-04,10:07:00
2024-01-04 10:08:00+05:30,1704343080,80.3,80.6,78.4,78.55,44250,2024-01-04,10:08:00
2024-01-04 10:09:00+05:30,1704343140,78.3,79.85,78.3,79.5,45400,2024-01-04,10:09:00
2024-01-04 10:10:00+05:30,1704343200,79.45,80.05,78.45,79.05,46100,2024-01-04,10:10:00
2024-01-04 10:11:00+05:30,1704343260,79.1,79.25,78.0,78.15,44300,2024-01-04,10:11:00
2024-01-04 10:12:00+05:30,1704343320,78.15,78.45,76.95,77.2,63050,2024-01-04,10:12:00
2024-01-04 10:13:00+05:30,1704343380,77.7,78.8,77.35,77.6,36700,2024-01-04,10:13:00
2024-01-04 10:14:00+05:30,1704343440,77.6,77.6,71.6,72.55,235350,2024-01-04,10:14:00
2024-01-04 10:15:00+05:30,1704343500,72.55,72.55,70.0,70.35,210500,2024-01-04,10:15:00
2024-01-04 10:16:00+05:30,1704343560,70.4,71.65,70.05,70.45,99100,2024-01-04,10:16:00
2024-01-04 10:17:00+05:30,1704343620,70.45,70.7,69.3,69.5,108150,2024-01-04,10:17:00
2024-01-04 10:18:00+05:30,1704343680,69.5,69.95,68.0,68.6,89200,2024-01-04,10:18:00
2024-01-04 10:19:00+05:30,1704343740,68.6,71.0,68.55,70.35,103900,2024-01-04,10:19:00
2024-01-04 10:20:00+05:30,1704343800,70.35,70.4,69.25,69.6,56250,2024-01-04,10:20:00
2024-01-04 10:21:00+05:30,1704343860,69.6,70.3,67.1,69.85,112600,2024-01-04,10:21:00
2024-01-04 10:22:00+05:30,1704343920,69.85,69.9,69.2,69.85,44400,2024-01-04,10:22:00
2024-01-04 10:23:00+05:30,1704343980,69.85,70.9,69.8,70.6,30950,2024-01-04,10:23:00
2024-01-04 10:24:00+05:30,1704344040,70.6,72.0,70.6,71.35,50400,2024-01-04,10:24:00
2024-01-04 10:25:00+05:30,1704344100,71.35,71.55,70.45,70.95,36350,2024-01-04,10:25:00
2024-01-04 10:26:00+05:30,1704344160,70.95,72.0,70.75,71.45,24650,2024-01-04,10:26:00
2024-01-04 10:27:00+05:30,1704344220,71.45,71.85,71.15,71.25,21900,2024-01-04,10:27:00
2024-01-04 10:28:00+05:30,1704344280,71.25,71.8,71.0,71.1,16400,2024-01-04,10:28:00
2024-01-04 10:29:00+05:30,1704344340,71.1,71.3,69.7,69.7,44550,2024-01-04,10:29:00
2024-01-04 10:30:00+05:30,1704344400,69.7,69.7,68.75,68.95,38500,2024-01-04,10:30:00
2024-01-04 10:31:00+05:30,1704344460,68.95,70.05,68.8,70.05,20100,2024-01-04,10:31:00
2024-01-04 10:32:00+05:30,1704344520,70.05,70.3,69.75,70.1,40550,2024-01-04,10:32:00
2024-01-04 10:33:00+05:30,1704344580,70.1,70.35,69.75,70.0,28250,2024-01-04,10:33:00
2024-01-04 10:34:00+05:30,1704344640,70.0,70.3,68.95,69.1,25550,2024-01-04,10:34:00
2024-01-04 10:35:00+05:30,1704344700,68.95,69.85,68.8,69.45,68150,2024-01-04,10:35:00
2024-01-04 10:36:00+05:30,1704344760,69.5,69.75,67.55,68.05,37350,2024-01-04,10:36:00
2024-01-04 10:37:00+05:30,1704344820,68.3,69.65,68.15,69.45,28400,2024-01-04,10:37:00
2024-01-04 10:38:00+05:30,1704344880,69.45,70.1,67.75,68.1,37700,2024-01-04,10:38:00
2024-01-04 10:39:00+05:30,1704344940,68.4,69.75,68.4,69.2,43050,2024-01-04,10:39:00
2024-01-04 10:40:00+05:30,1704345000,69.15,69.3,67.95,68.0,20850,2024-01-04,10:40:00
2024-01-04 10:41:00+05:30,1704345060,68.0,68.2,66.9,67.45,46700,2024-01-04,10:41:00
2024-01-04 10:42:00+05:30,1704345120,67.55,68.55,67.4,68.55,27200,2024-01-04,10:42:00
2024-01-04 10:43:00+05:30,1704345180,68.55,69.0,67.95,68.3,21300,2024-01-04,10:43:00
2024-01-04 10:44:00+05:30,1704345240,68.3,69.2,68.3,68.9,11400,2024-01-04,10:44:00
2024-01-04 10:45:00+05:30,1704345300,68.9,69.3,68.25,68.95,15600,2024-01-04,10:45:00
2024-01-04 10:46:00+05:30,1704345360,68.95,69.9,68.1,69.15,32400,2024-01-04,10:46:00
2024-01-04 10:47:00+05:30,1704345420,69.15,69.5,68.95,69.05,12250,2024-01-04,10:47:00
2024-01-04 10:48:00+05:30,1704345480,69.25,70.0,69.05,69.65,19050,2024-01-04,10:48:00
2024-01-04 10:49:00+05:30,1704345540,69.65,70.95,69.55,70.55,36150,2024-01-04,10:49:00
2024-01-04 10:50:00+05:30,1704345600,70.55,71.7,70.0,71.25,78350,2024-01-04,10:50:00
2024-01-04 10:51:00+05:30,1704345660,71.25,71.55,70.5,71.0,19350,2024-01-04,10:51:00
2024-01-04 10:52:00+05:30,1704345720,71.0,71.6,70.5,71.4,10450,2024-01-04,10:52:00
2024-01-04 10:53:00+05:30,1704345780,71.4,71.9,70.5,71.0,24450,2024-01-04,10:53:00
2024-01-04 10:54:00+05:30,1704345840,71.0,71.65,70.55,71.0,9400,2024-01-04,10:54:00
2024-01-04 10:55:00+05:30,1704345900,71.0,71.0,69.75,69.85,18950,2024-01-04,10:55:00
2024-01-04 10:56:00+05:30,1704345960,69.9,70.35,69.5,69.85,10700,2024-01-04,10:56:00
2024-01-04 10:57:00+05:30,1704346020,69.85,70.4,69.85,70.25,10250,2024-01-04,10:57:00
2024-01-04 10:58:00+05:30,1704346080,70.35,70.7,70.2,70.5,18600,2024-01-04,10:58:00
2024-01-04 10:59:00+05:30,1704346140,70.5,71.0,70.45,71.0,18450,2024-01-04,10:59:00
2024-01-04 11:00:00+05:30,1704346200,71.0,71.0,68.05,69.15,42700,2024-01-04,11:00:00
2024-01-04 11:01:00+05:30,1704346260,69.15,70.25,69.0,69.35,34900,2024-01-04,11:01:00
2024-01-04 11:02:00+05:30,1704346320,69.35,69.65,69.1,69.15,16200,2024-01-04,11:02:00
2024-01-04 11:03:00+05:30,1704346380,69.15,69.8,67.8,67.9,43550,2024-01-04,11:03:00
2024-01-04 11:04:00+05:30,1704346440,68.1,69.15,68.0,69.0,60500,2024-01-04,11:04:00
2024-01-04 11:05:00+05:30,1704346500,69.0,69.0,68.05,68.65,40950,2024-01-04,11:05:00
2024-01-04 11:06:00+05:30,1704346560,68.65,68.85,68.0,68.0,19600,2024-01-04,11:06:00
2024-01-04 11:07:00+05:30,1704346620,68.0,68.55,67.65,67.65,37900,2024-01-04,11:07:00
2024-01-04 11:08:00+05:30,1704346680,67.65,67.75,66.3,67.35,88050,2024-01-04,11:08:00
2024-01-04 11:09:00+05:30,1704346740,67.3,67.85,67.2,67.5,35150,2024-01-04,11:09:00
2024-01-04 11:10:00+05:30,1704346800,67.5,67.85,67.25,67.5,29950,2024-01-04,11:10:00
2024-01-04 11:11:00+05:30,1704346860,67.5,67.8,67.15,67.2,42750,2024-01-04,11:11:00
2024-01-04 11:12:00+05:30,1704346920,67.2,67.45,66.7,66.85,32550,2024-01-04,11:12:00
2024-01-04 11:13:00+05:30,1704346980,66.85,67.0,66.7,66.7,30950,2024-01-04,11:13:00
2024-01-04 11:14:00+05:30,1704347040,66.7,66.85,65.55,65.85,58900,2024-01-04,11:14:00
2024-01-04 11:15:00+05:30,1704347100,65.85,66.0,65.45,65.5,48350,2024-01-04,11:15:00
2024-01-04 11:16:00+05:30,1704347160,65.5,65.7,65.0,65.3,75300,2024-01-04,11:16:00
2024-01-04 11:17:00+05:30,1704347220,65.3,65.85,65.25,65.65,23700,2024-01-04,11:17:00
2024-01-04 11:18:00+05:30,1704347280,65.65,66.85,65.5,66.65,45050,2024-01-04,11:18:00
2024-01-04 11:19:00+05:30,1704347340,66.65,69.25,66.55,67.55,47550,2024-01-04,11:19:00
2024-01-04 11:20:00+05:30,1704347400,67.55,68.85,67.35,67.4,26450,2024-01-04,11:20:00
2024-01-04 11:21:00+05:30,1704347460,67.4,68.55,67.2,68.2,33950,2024-01-04,11:21:00
2024-01-04 11:22:00+05:30,1704347520,68.2,68.4,66.9,67.35,20000,2024-01-04,11:22:00
2024-01-04 11:23:00+05:30,1704347580,67.35,67.65,67.05,67.25,13550,2024-01-04,11:23:00
2024-01-04 11:24:00+05:30,1704347640,67.25,67.7,67.2,67.5,30100,2024-01-04,11:24:00
2024-01-04 11:25:00+05:30,1704347700,67.5,68.6,67.5,67.75,23400,2024-01-04,11:25:00
2024-01-04 11:26:00+05:30,1704347760,67.75,68.55,67.75,68.5,10900,2024-01-04,11:26:00
2024-01-04 11:27:00+05:30,1704347820,68.5,69.3,68.3,69.3,17200,2024-01-04,11:27:00
2024-01-04 11:28:00+05:30,1704347880,69.3,69.3,68.0,68.0,44450,2024-01-04,11:28:00
2024-01-04 11:29:00+05:30,1704347940,68.2,68.25,67.45,68.05,35750,2024-01-04,11:29:00
2024-01-04 11:30:00+05:30,1704348000,68.05,68.85,67.75,68.5,32750,2024-01-04,11:30:00
2024-01-04 11:31:00+05:30,1704348060,68.5,68.6,67.6,68.0,26500,2024-01-04,11:31:00
2024-01-04 11:32:00+05:30,1704348120,68.0,68.5,67.9,68.2,57250,2024-01-04,11:32:00
2024-01-04 11:33:00+05:30,1704348180,68.2,69.25,68.15,69.25,25000,2024-01-04,11:33:00
2024-01-04 11:34:00+05:30,1704348240,69.1,69.45,68.65,69.0,40700,2024-01-04,11:34:00
2024-01-04 11:35:00+05:30,1704348300,69.0,69.45,68.05,68.55,91000,2024-01-04,11:35:00
2024-01-04 11:36:00+05:30,1704348360,68.45,68.5,67.5,67.85,30500,2024-01-04,11:36:00
2024-01-04 11:37:00+05:30,1704348420,67.85,68.0,66.75,66.75,26500,2024-01-04,11:37:00
2024-01-04 11:38:00+05:30,1704348480,66.75,67.55,66.2,67.4,35000,2024-01-04,11:38:00
2024-01-04 11:39:00+05:30,1704348540,67.4,67.75,67.15,67.6,18250,2024-01-04,11:39:00
2024-01-04 11:40:00+05:30,1704348600,67.6,67.85,67.1,67.4,17100,2024-01-04,11:40:00
2024-01-04 11:41:00+05:30,1704348660,67.0,67.1,65.8,65.95,20850,2024-01-04,11:41:00
2024-01-04 11:42:00+05:30,1704348720,65.95,66.95,65.95,66.65,17750,2024-01-04,11:42:00
2024-01-04 11:43:00+05:30,1704348780,66.65,66.8,66.05,66.8,4350,2024-01-04,11:43:00
2024-01-04 11:44:00+05:30,1704348840,66.8,67.15,66.5,66.8,15750,2024-01-04,11:44:00
2024-01-04 11:45:00+05:30,1704348900,66.8,67.2,66.25,66.35,18600,2024-01-04,11:45:00
2024-01-04 11:46:00+05:30,1704348960,66.35,66.65,65.9,65.9,37900,2024-01-04,11:46:00
2024-01-04 11:47:00+05:30,1704349020,65.9,66.15,64.45,64.7,42350,2024-01-04,11:47:00
2024-01-04 11:48:00+05:30,1704349080,64.8,65.2,64.1,64.65,31350,2024-01-04,11:48:00
2024-01-04 11:49:00+05:30,1704349140,64.65,64.65,63.0,63.0,54400,2024-01-04,11:49:00
2024-01-04 11:50:00+05:30,1704349200,62.95,62.95,61.9,62.0,109050,2024-01-04,11:50:00
2024-01-04 11:51:00+05:30,1704349260,62.0,62.2,61.75,61.95,38800,2024-01-04,11:51:00
2024-01-04 11:52:00+05:30,1704349320,61.95,62.35,61.95,62.05,16200,2024-01-04,11:52:00
2024-01-04 11:53:00+05:30,1704349380,62.05,62.7,62.0,62.7,44550,2024-01-04,11:53:00
2024-01-04 11:54:00+05:30,1704349440,62.7,63.2,62.55,62.9,40500,2024-01-04,11:54:00
2024-01-04 11:55:00+05:30,1704349500,62.9,64.2,62.9,64.2,46400,2024-01-04,11:55:00
2024-01-04 11:56:00+05:30,1704349560,64.2,64.25,63.2,63.35,25200,2024-01-04,11:56:00
2024-01-04 11:57:00+05:30,1704349620,63.35,63.45,63.2,63.2,6050,2024-01-04,11:57:00
2024-01-04 11:58:00+05:30,1704349680,63.2,63.45,62.9,63.2,23600,2024-01-04,11:58:00
2024-01-04 11:59:00+05:30,1704349740,63.2,63.25,62.7,62.95,14400,2024-01-04,11:59:00
2024-01-04 12:00:00+05:30,1704349800,62.95,63.0,61.7,62.05,61400,2024-01-04,12:00:00
2024-01-04 12:01:00+05:30,1704349860,62.1,63.7,62.1,63.4,70850,2024-01-04,12:01:00
2024-01-04 12:02:00+05:30,1704349920,63.4,63.85,63.15,63.45,29650,2024-01-04,12:02:00
2024-01-04 12:03:00+05:30,1704349980,63.45,63.45,62.6,63.1,35350,2024-01-04,12:03:00
2024-01-04 12:04:00+05:30,1704350040,63.15,63.35,62.3,62.75,22500,2024-01-04,12:04:00
2024-01-04 12:05:00+05:30,1704350100,62.75,63.4,62.25,62.7,15750,2024-01-04,12:05:00
2024-01-04 12:06:00+05:30,1704350160,62.7,63.15,62.6,63.1,11750,2024-01-04,12:06:00
2024-01-04 12:07:00+05:30,1704350220,63.1,63.95,63.1,63.9,20650,2024-01-04,12:07:00
2024-01-04 12:08:00+05:30,1704350280,63.9,63.9,63.65,63.85,11200,2024-01-04,12:08:00
2024-01-04 12:09:00+05:30,1704350340,63.85,64.0,63.25,63.25,7700,2024-01-04,12:09:00
2024-01-04 12:10:00+05:30,1704350400,63.25,63.85,63.25,63.7,10900,2024-01-04,12:10:00
2024-01-04 12:11:00+05:30,1704350460,63.7,63.8,63.55,63.8,7900,2024-01-04,12:11:00
2024-01-04 12:12:00+05:30,1704350520,63.8,63.85,63.45,63.75,11500,2024-01-04,12:12:00
2024-01-04 12:13:00+05:30,1704350580,63.75,63.75,63.5,63.55,8100,2024-01-04,12:13:00
2024-01-04 12:14:00+05:30,1704350640,63.55,63.85,63.4,63.55,8900,2024-01-04,12:14:00
2024-01-04 12:15:00+05:30,1704350700,63.55,63.8,63.05,63.15,15750,2024-01-04,12:15:00
2024-01-04 12:16:00+05:30,1704350760,63.0,63.3,63.0,63.1,10150,2024-01-04,12:16:00
2024-01-04 12:17:00+05:30,1704350820,63.1,63.2,62.85,62.9,13200,2024-01-04,12:17:00
2024-01-04 12:18:00+05:30,1704350880,62.9,63.0,62.7,62.9,12800,2024-01-04,12:18:00
2024-01-04 12:19:00+05:30,1704350940,62.9,63.1,62.8,63.1,10600,2024-01-04,12:19:00
2024-01-04 12:20:00+05:30,1704351000,63.1,63.1,62.45,62.85,19300,2024-01-04,12:20:00
2024-01-04 12:21:00+05:30,1704351060,62.65,62.8,62.0,62.0,14600,2024-01-04,12:21:00
2024-01-04 12:22:00+05:30,1704351120,62.0,62.35,62.0,62.1,5200,2024-01-04,12:22:00
2024-01-04 12:23:00+05:30,1704351180,62.1,62.1,59.05,60.25,141950,2024-01-04,12:23:00
2024-01-04 12:24:00+05:30,1704351240,60.25,60.3,58.35,58.55,133750,2024-01-04,12:24:00
2024-01-04 12:25:00+05:30,1704351300,58.55,59.3,58.1,58.85,150050,2024-01-04,12:25:00
2024-01-04 12:26:00+05:30,1704351360,58.8,59.3,57.85,58.0,63500,2024-01-04,12:26:00
2024-01-04 12:27:00+05:30,1704351420,57.9,58.2,57.6,57.85,72550,2024-01-04,12:27:00
2024-01-04 12:28:00+05:30,1704351480,57.85,58.0,57.3,57.7,49000,2024-01-04,12:28:00
2024-01-04 12:29:00+05:30,1704351540,57.6,58.0,57.55,58.0,51000,2024-01-04,12:29:00
2024-01-04 12:30:00+05:30,1704351600,58.1,58.75,57.95,58.55,123950,2024-01-04,12:30:00
2024-01-04 12:31:00+05:30,1704351660,58.7,59.2,58.7,58.95,45700,2024-01-04,12:31:00
2024-01-04 12:32:00+05:30,1704351720,59.1,59.4,59.0,59.1,87000,2024-01-04,12:32:00
2024-01-04 12:33:00+05:30,1704351780,59.1,59.85,59.1,59.7,48550,2024-01-04,12:33:00
2024-01-04 12:34:00+05:30,1704351840,59.7,59.8,59.45,59.75,33500,2024-01-04,12:34:00
2024-01-04 12:35:00+05:30,1704351900,59.75,60.0,59.6,59.95,120650,2024-01-04,12:35:00
2024-01-04 12:36:00+05:30,1704351960,59.95,60.2,59.7,60.1,25050,2024-01-04,12:36:00
2024-01-04 12:37:00+05:30,1704352020,60.1,60.1,59.8,60.0,14050,2024-01-04,12:37:00
2024-01-04 12:38:00+05:30,1704352080,60.0,60.05,59.25,59.25,20750,2024-01-04,12:38:00
2024-01-04 12:39:00+05:30,1704352140,59.25,59.4,58.25,58.65,41250,2024-01-04,12:39:00
2024-01-04 12:40:00+05:30,1704352200,58.65,59.0,58.45,59.0,19100,2024-01-04,12:40:00
2024-01-04 12:41:00+05:30,1704352260,59.0,59.35,58.75,59.35,13450,2024-01-04,12:41:00
2024-01-04 12:42:00+05:30,1704352320,59.35,59.8,59.25,59.5,33750,2024-01-04,12:42:00
2024-01-04 12:43:00+05:30,1704352380,59.5,59.6,59.15,59.3,26500,2024-01-04,12:43:00
2024-01-04 12:44:00+05:30,1704352440,59.3,59.3,59.0,59.15,31350,2024-01-04,12:44:00
2024-01-04 12:45:00+05:30,1704352500,59.4,59.4,59.05,59.35,16450,2024-01-04,12:45:00
2024-01-04 12:46:00+05:30,1704352560,59.35,59.4,59.0,59.0,9100,2024-01-04,12:46:00
2024-01-04 12:47:00+05:30,1704352620,59.15,59.6,58.3,59.6,42000,2024-01-04,12:47:00
2024-01-04 12:48:00+05:30,1704352680,59.6,60.0,59.5,59.9,24750,2024-01-04,12:48:00
2024-01-04 12:49:00+05:30,1704352740,59.9,60.0,59.75,60.0,19050,2024-01-04,12:49:00
2024-01-04 12:50:00+05:30,1704352800,60.0,60.3,59.85,60.3,47750,2024-01-04,12:50:00
2024-01-04 12:51:00+05:30,1704352860,60.3,60.45,60.0,60.15,12900,2024-01-04,12:51:00
2024-01-04 12:52:00+05:30,1704352920,60.15,60.4,60.0,60.05,43500,2024-01-04,12:52:00
2024-01-04 12:53:00+05:30,1704352980,59.9,60.0,59.4,59.4,26950,2024-01-04,12:53:00
2024-01-04 12:54:00+05:30,1704353040,59.4,59.6,58.7,58.7,19200,2024-01-04,12:54:00
2024-01-04 12:55:00+05:30,1704353100,58.6,59.4,58.6,59.15,16750,2024-01-04,12:55:00
2024-01-04 12:56:00+05:30,1704353160,59.15,59.85,59.15,59.6,10950,2024-01-04,12:56:00
2024-01-04 12:57:00+05:30,1704353220,59.6,59.75,59.5,59.7,8600,2024-01-04,12:57:00
2024-01-04 12:58:00+05:30,1704353280,59.65,59.8,59.6,59.7,12950,2024-01-04,12:58:00
2024-01-04 12:59:00+05:30,1704353340,59.7,61.2,59.65,61.05,29550,2024-01-04,12:59:00
2024-01-04 13:00:00+05:30,1704353400,61.05,61.85,60.5,60.85,38700,2024-01-04,13:00:00
2024-01-04 13:01:00+05:30,1704353460,60.85,61.1,60.45,60.45,17900,2024-01-04,13:01:00
2024-01-04 13:02:00+05:30,1704353520,60.45,60.5,59.8,60.3,16100,2024-01-04,13:02:00
2024-01-04 13:03:00+05:30,1704353580,60.3,60.5,60.1,60.2,10500,2024-01-04,13:03:00
2024-01-04 13:04:00+05:30,1704353640,60.2,60.3,59.85,59.9,10400,2024-01-04,13:04:00
2024-01-04 13:05:00+05:30,1704353700,59.9,60.05,59.6,60.0,12350,2024-01-04,13:05:00
2024-01-04 13:06:00+05:30,1704353760,60.0,60.05,58.8,59.9,22050,2024-01-04,13:06:00
2024-01-04 13:07:00+05:30,1704353820,59.8,59.8,59.2,59.65,7550,2024-01-04,13:07:00
2024-01-04 13:08:00+05:30,1704353880,59.65,59.75,59.45,59.6,20050,2024-01-04,13:08:00
2024-01-04 13:09:00+05:30,1704353940,59.6,59.75,58.55,59.75,14150,2024-01-04,13:09:00
2024-01-04 13:10:00+05:30,1704354000,59.75,59.75,58.3,59.0,18600,2024-01-04,13:10:00
2024-01-04 13:11:00+05:30,1704354060,59.0,59.3,58.85,59.1,18950,2024-01-04,13:11:00
2024-01-04 13:12:00+05:30,1704354120,59.1,59.85,59.0,59.75,9000,2024-01-04,13:12:00
2024-01-04 13:13:00+05:30,1704354180,59.75,60.2,59.7,60.05,14300,2024-01-04,13:13:00
2024-01-04 13:14:00+05:30,1704354240,60.05,60.2,59.6,60.05,26200,2024-01-04,13:14:00
2024-01-04 13:15:00+05:30,1704354300,60.05,60.5,59.85,60.15,20600,2024-01-04,13:15:00
2024-01-04 13:16:00+05:30,1704354360,60.0,60.5,59.8,60.5,19050,2024-01-04,13:16:00
2024-01-04 13:17:00+05:30,1704354420,60.4,60.55,60.05,60.3,16450,2024-01-04,13:17:00
2024-01-04 13:18:00+05:30,1704354480,60.3,61.0,60.2,61.0,17050,2024-01-04,13:18:00
2024-01-04 13:19:00+05:30,1704354540,61.0,61.5,60.85,61.15,15700,2024-01-04,13:19:00
2024-01-04 13:20:00+05:30,1704354600,61.15,61.4,60.7,61.25,14050,2024-01-04,13:20:00
2024-01-04 13:21:00+05:30,1704354660,61.25,61.3,60.9,61.0,8300,2024-01-04,13:21:00
2024-01-04 13:22:00+05:30,1704354720,61.0,61.25,60.9,61.0,17900,2024-01-04,13:22:00
2024-01-04 13:23:00+05:30,1704354780,61.0,61.15,61.0,61.15,20700,2024-01-04,13:23:00
2024-01-04 13:24:00+05:30,1704354840,61.15,61.35,61.0,61.15,26350,2024-01-04,13:24:00
2024-01-04 13:25:00+05:30,1704354900,61.1,61.15,60.3,60.4,53950,2024-01-04,13:25:00
2024-01-04 13:26:00+05:30,1704354960,60.4,61.2,60.4,61.0,63300,2024-01-04,13:26:00
2024-01-04 13:27:00+05:30,1704355020,61.0,61.25,61.0,61.05,29500,2024-01-04,13:27:00
2024-01-04 13:28:00+05:30,1704355080,61.15,61.8,61.05,61.5,62250,2024-01-04,13:28:00
2024-01-04 13:29:00+05:30,1704355140,61.45,61.95,61.4,61.45,19650,2024-01-04,13:29:00
2024-01-04 13:30:00+05:30,1704355200,61.45,62.4,61.45,62.3,38950,2024-01-04,13:30:00
2024-01-04 13:31:00+05:30,1704355260,62.3,62.35,61.95,61.95,30350,2024-01-04,13:31:00
2024-01-04 13:32:00+05:30,1704355320,61.8,61.95,61.55,61.85,18200,2024-01-04,13:32:00
2024-01-04 13:33:00+05:30,1704355380,61.85,61.95,60.4,60.9,50550,2024-01-04,13:33:00
2024-01-04 13:34:00+05:30,1704355440,60.85,61.4,60.7,61.4,26000,2024-01-04,13:34:00
2024-01-04 13:35:00+05:30,1704355500,61.4,61.4,61.05,61.15,23200,2024-01-04,13:35:00
2024-01-04 13:36:00+05:30,1704355560,61.0,61.4,60.2,60.2,28150,2024-01-04,13:36:00
2024-01-04 13:37:00+05:30,1704355620,60.2,60.55,59.15,59.15,48450,2024-01-04,13:37:00
2024-01-04 13:38:00+05:30,1704355680,59.15,59.55,57.85,58.25,95750,2024-01-04,13:38:00
2024-01-04 13:39:00+05:30,1704355740,58.25,58.25,57.45,57.6,65050,2024-01-04,13:39:00
2024-01-04 13:40:00+05:30,1704355800,57.6,57.6,55.2,55.55,104350,2024-01-04,13:40:00
2024-01-04 13:41:00+05:30,1704355860,55.55,56.45,55.4,56.45,58750,2024-01-04,13:41:00
2024-01-04 13:42:00+05:30,1704355920,56.45,57.0,56.3,57.0,22650,2024-01-04,13:42:00
2024-01-04 13:43:00+05:30,1704355980,57.0,57.25,56.45,57.15,29300,2024-01-04,13:43:00
2024-01-04 13:44:00+05:30,1704356040,57.3,57.5,57.1,57.25,26500,2024-01-04,13:44:00
2024-01-04 13:45:00+05:30,1704356100,57.25,58.15,57.15,58.15,21050,2024-01-04,13:45:00
2024-01-04 13:46:00+05:30,1704356160,58.15,58.6,57.95,58.5,22300,2024-01-04,13:46:00
2024-01-04 13:47:00+05:30,1704356220,58.5,58.9,58.2,58.2,65000,2024-01-04,13:47:00
2024-01-04 13:48:00+05:30,1704356280,58.2,58.9,58.15,58.6,13450,2024-01-04,13:48:00
2024-01-04 13:49:00+05:30,1704356340,58.6,58.65,57.8,57.95,52950,2024-01-04,13:49:00
2024-01-04 13:50:00+05:30,1704356400,57.95,58.0,57.65,57.85,27350,2024-01-04,13:50:00
2024-01-04 13:51:00+05:30,1704356460,57.8,58.0,57.6,57.85,30850,2024-01-04,13:51:00
2024-01-04 13:52:00+05:30,1704356520,57.95,58.0,57.55,57.9,32450,2024-01-04,13:52:00
2024-01-04 13:53:00+05:30,1704356580,57.9,58.1,57.6,57.8,33350,2024-01-04,13:53:00
2024-01-04 13:54:00+05:30,1704356640,57.8,58.2,57.55,57.6,48850,2024-01-04,13:54:00
2024-01-04 13:55:00+05:30,1704356700,57.65,58.05,57.35,57.9,19150,2024-01-04,13:55:00
2024-01-04 13:56:00+05:30,1704356760,57.9,58.2,57.7,57.7,13550,2024-01-04,13:56:00
2024-01-04 13:57:00+05:30,1704356820,57.95,58.4,57.75,58.2,22450,2024-01-04,13:57:00
2024-01-04 13:58:00+05:30,1704356880,58.2,59.9,58.1,59.9,25600,2024-01-04,13:58:00
2024-01-04 13:59:00+05:30,1704356940,60.2,60.25,58.75,58.9,33550,2024-01-04,13:59:00
2024-01-04 14:00:00+05:30,1704357000,58.9,59.2,58.45,58.95,13200,2024-01-04,14:00:00
2024-01-04 14:01:00+05:30,1704357060,58.95,59.05,58.05,58.8,93450,2024-01-04,14:01:00
2024-01-04 14:02:00+05:30,1704357120,58.6,61.05,58.6,60.25,98450,2024-01-04,14:02:00
2024-01-04 14:03:00+05:30,1704357180,60.25,60.9,60.0,60.25,39500,2024-01-04,14:03:00
2024-01-04 14:04:00+05:30,1704357240,60.25,60.5,60.0,60.4,58350,2024-01-04,14:04:00
2024-01-04 14:05:00+05:30,1704357300,60.4,60.7,59.45,59.45,26500,2024-01-04,14:05:00
2024-01-04 14:06:00+05:30,1704357360,59.45,59.8,59.0,59.25,68900,2024-01-04,14:06:00
2024-01-04 14:07:00+05:30,1704357420,59.25,60.4,59.2,60.0,26900,2024-01-04,14:07:00
2024-01-04 14:08:00+05:30,1704357480,60.0,60.4,59.85,60.1,14400,2024-01-04,14:08:00
2024-01-04 14:09:00+05:30,1704357540,60.2,60.3,59.4,59.4,26950,2024-01-04,14:09:00
2024-01-04 14:10:00+05:30,1704357600,59.55,59.8,57.8,57.9,48500,2024-01-04,14:10:00
2024-01-04 14:11:00+05:30,1704357660,57.9,58.1,57.2,57.25,92100,2024-01-04,14:11:00
2024-01-04 14:12:00+05:30,1704357720,57.45,57.85,57.35,57.4,37850,2024-01-04,14:12:00
2024-01-04 14:13:00+05:30,1704357780,57.4,58.2,57.4,58.2,92400,2024-01-04,14:13:00
2024-01-04 14:14:00+05:30,1704357840,58.3,59.75,58.1,59.6,54100,2024-01-04,14:14:00
2024-01-04 14:15:00+05:30,1704357900,59.6,60.8,59.4,60.0,46900,2024-01-04,14:15:00
2024-01-04 14:16:00+05:30,1704357960,60.05,60.05,59.2,59.5,26350,2024-01-04,14:16:00
2024-01-04 14:17:00+05:30,1704358020,59.3,61.0,59.25,60.7,42100,2024-01-04,14:17:00
2024-01-04 14:18:00+05:30,1704358080,60.7,61.4,59.95,60.0,54250,2024-01-04,14:18:00
2024-01-04 14:19:00+05:30,1704358140,59.8,60.5,59.7,60.05,22100,2024-01-04,14:19:00
2024-01-04 14:20:00+05:30,1704358200,60.05,60.85,59.75,60.3,56650,2024-01-04,14:20:00
2024-01-04 14:21:00+05:30,1704358260,60.3,60.45,58.15,59.1,43300,2024-01-04,14:21:00
2024-01-04 14:22:00+05:30,1704358320,59.1,59.7,58.65,58.75,54600,2024-01-04,14:22:00
2024-01-04 14:23:00+05:30,1704358380,58.75,59.2,58.45,59.2,28150,2024-01-04,14:23:00
2024-01-04 14:24:00+05:30,1704358440,59.2,59.2,58.8,58.8,106700,2024-01-04,14:24:00
2024-01-04 14:25:00+05:30,1704358500,58.95,59.8,58.6,59.65,43150,2024-01-04,14:25:00
2024-01-04 14:26:00+05:30,1704358560,59.65,60.55,59.5,60.5,66400,2024-01-04,14:26:00
2024-01-04 14:27:00+05:30,1704358620,60.5,62.5,60.4,62.5,57550,2024-01-04,14:27:00
2024-01-04 14:28:00+05:30,1704358680,62.3,63.45,61.6,62.4,114850,2024-01-04,14:28:00
2024-01-04 14:29:00+05:30,1704358740,62.4,62.4,60.0,60.5,142600,2024-01-04,14:29:00
2024-01-04 14:30:00+05:30,1704358800,60.45,61.3,59.25,59.25,227450,2024-01-04,14:30:00
2024-01-04 14:31:00+05:30,1704358860,59.2,59.65,57.3,57.8,157000,2024-01-04,14:31:00
2024-01-04 14:32:00+05:30,1704358920,57.75,58.55,57.75,58.4,138650,2024-01-04,14:32:00
2024-01-04 14:33:00+05:30,1704358980,58.55,60.25,58.55,60.2,69550,2024-01-04,14:33:00
2024-01-04 14:34:00+05:30,1704359040,60.2,60.9,60.1,60.8,34650,2024-01-04,14:34:00
2024-01-04 14:35:00+05:30,1704359100,60.6,61.45,60.5,60.75,51750,2024-01-04,14:35:00
2024-01-04 14:36:00+05:30,1704359160,60.75,61.0,60.4,60.45,25000,2024-01-04,14:36:00
2024-01-04 14:37:00+05:30,1704359220,60.6,60.6,59.35,59.4,31450,2024-01-04,14:37:00
2024-01-04 14:38:00+05:30,1704359280,59.45,59.9,59.25,59.65,17350,2024-01-04,14:38:00
2024-01-04 14:39:00+05:30,1704359340,59.8,60.45,59.8,60.35,18550,2024-01-04,14:39:00
2024-01-04 14:40:00+05:30,1704359400,60.4,60.95,59.5,59.75,29850,2024-01-04,14:40:00
2024-01-04 14:41:00+05:30,1704359460,59.75,60.15,58.95,59.1,51700,2024-01-04,14:41:00
2024-01-04 14:42:00+05:30,1704359520,59.1,59.1,58.5,58.85,34100,2024-01-04,14:42:00
2024-01-04 14:43:00+05:30,1704359580,58.85,59.55,58.7,59.3,32250,2024-01-04,14:43:00
2024-01-04 14:44:00+05:30,1704359640,59.3,60.75,59.2,60.05,40350,2024-01-04,14:44:00
2024-01-04 14:45:00+05:30,1704359700,60.0,60.95,60.0,60.5,38900,2024-01-04,14:45:00
2024-01-04 14:46:00+05:30,1704359760,60.25,60.5,59.25,59.55,20300,2024-01-04,14:46:00
2024-01-04 14:47:00+05:30,1704359820,59.55,60.4,59.35,59.6,20000,2024-01-04,14:47:00
2024-01-04 14:48:00+05:30,1704359880,59.75,59.9,58.7,58.95,30100,2024-01-04,14:48:00
2024-01-04 14:49:00+05:30,1704359940,58.95,59.75,58.9,59.75,25350,2024-01-04,14:49:00
2024-01-04 14:50:00+05:30,1704360000,59.75,60.5,59.75,60.2,40500,2024-01-04,14:50:00
2024-01-04 14:51:00+05:30,1704360060,60.2,61.0,60.05,60.45,34250,2024-01-04,14:51:00
2024-01-04 14:52:00+05:30,1704360120,60.45,60.95,60.25,60.85,27600,2024-01-04,14:52:00
2024-01-04 14:53:00+05:30,1704360180,60.85,61.35,60.25,60.25,26650,2024-01-04,14:53:00
2024-01-04 14:54:00+05:30,1704360240,60.25,60.8,59.9,60.05,22700,2024-01-04,14:54:00
2024-01-04 14:55:00+05:30,1704360300,60.05,60.8,60.0,60.4,26750,2024-01-04,14:55:00
2024-01-04 14:56:00+05:30,1704360360,60.4,60.9,59.65,60.1,76050,2024-01-04,14:56:00
2024-01-04 14:57:00+05:30,1704360420,60.1,61.05,60.1,60.7,61150,2024-01-04,14:57:00
2024-01-04 14:58:00+05:30,1704360480,60.7,61.1,60.45,60.75,42550,2024-01-04,14:58:00
2024-01-04 14:59:00+05:30,1704360540,60.8,61.85,59.7,59.7,60350,2024-01-04,14:59:00
2024-01-04 15:00:00+05:30,1704360600,59.7,59.7,57.05,58.15,136550,2024-01-04,15:00:00
2024-01-04 15:01:00+05:30,1704360660,58.1,59.7,57.35,59.25,71750,2024-01-04,15:01:00
2024-01-04 15:02:00+05:30,1704360720,59.4,59.55,58.6,58.95,60800,2024-01-04,15:02:00
2024-01-04 15:03:00+05:30,1704360780,59.0,59.1,58.1,58.25,39750,2024-01-04,15:03:00
2024-01-04 15:04:00+05:30,1704360840,58.4,58.7,57.6,57.9,50650,2024-01-04,15:04:00
2024-01-04 15:05:00+05:30,1704360900,57.9,58.15,57.2,57.2,36300,2024-01-04,15:05:00
2024-01-04 15:06:00+05:30,1704360960,57.25,57.4,54.15,54.6,128500,2024-01-04,15:06:00
2024-01-04 15:07:00+05:30,1704361020,54.6,55.1,53.45,54.85,160400,2024-01-04,15:07:00
2024-01-04 15:08:00+05:30,1704361080,54.85,56.4,54.65,56.35,87350,2024-01-04,15:08:00
2024-01-04 15:09:00+05:30,1704361140,56.4,56.7,56.1,56.55,61750,2024-01-04,15:09:00
2024-01-04 15:10:00+05:30,1704361200,56.4,56.75,55.4,55.45,52200,2024-01-04,15:10:00
2024-01-04 15:11:00+05:30,1704361260,55.3,55.7,54.65,54.8,118700,2024-01-04,15:11:00
2024-01-04 15:12:00+05:30,1704361320,54.8,54.8,53.35,53.6,77150,2024-01-04,15:12:00
2024-01-04 15:13:00+05:30,1704361380,53.6,54.25,53.45,54.05,114750,2024-01-04,15:13:00
2024-01-04 15:14:00+05:30,1704361440,54.05,54.25,52.6,53.35,181200,2024-01-04,15:14:00
2024-01-04 15:15:00+05:30,1704361500,53.35,53.55,51.45,51.75,173750,2024-01-04,15:15:00
2024-01-04 15:16:00+05:30,1704361560,51.75,53.4,51.75,52.9,275100,2024-01-04,15:16:00
2024-01-04 15:17:00+05:30,1704361620,52.9,53.35,52.25,52.4,135250,2024-01-04,15:17:00
2024-01-04 15:18:00+05:30,1704361680,52.4,53.0,52.25,52.55,80650,2024-01-04,15:18:00
2024-01-04 15:19:00+05:30,1704361740,52.55,52.8,52.0,52.25,102200,2024-01-04,15:19:00
2024-01-04 15:20:00+05:30,1704361800,52.15,52.3,51.2,51.3,175150,2024-01-04,15:20:00
2024-01-04 15:21:00+05:30,1704361860,51.4,51.6,48.95,49.35,258600,2024-01-04,15:21:00
2024-01-04 15:22:00+05:30,1704361920,49.35,49.45,48.5,48.7,192700,2024-01-04,15:22:00
2024-01-04 15:23:00+05:30,1704361980,48.7,48.85,47.85,47.9,308150,2024-01-04,15:23:00
2024-01-04 15:24:00+05:30,1704362040,48.0,48.0,46.3,46.4,223500,2024-01-04,15:24:00
2024-01-04 15:25:00+05:30,1704362100,46.3,46.6,44.0,44.8,376000,2024-01-04,15:25:00
2024-01-04 15:26:00+05:30,1704362160,44.65,45.0,43.05,43.15,288050,2024-01-04,15:26:00
2024-01-04 15:27:00+05:30,1704362220,43.15,44.5,42.8,43.1,344450,2024-01-04,15:27:00
2024-01-04 15:28:00+05:30,1704362280,43.2,43.3,42.6,42.8,227200,2024-01-04,15:28:00
2024-01-04 15:29:00+05:30,1704362340,42.9,42.9,42.0,42.3,223050,2024-01-04,15:29:00
