,Current epoch time,Current epoch time.1,Open,High,Low,Close,volume,Date,Time,EMA_fast,EMA_slow,RSI,TR,ATR,Upper_band,Lower_band,Buy_Signal,Sell_Signal,Returns
0,2023-10-03 09:15:00+05:30,1696304700,100.0,105.0,48.0,57.55,1757950,2023-10-03,09:15:00,,,,,,,,0,0,
1,2023-10-03 09:16:00+05:30,1696304760,57.2,58.25,53.0,53.6,1343300,2023-10-03,09:16:00,,,,5.25,,,,0,0,0.0
2,2023-10-03 09:17:00+05:30,1696304820,53.15,54.6,52.25,53.65,1127750,2023-10-03,09:17:00,,,,2.3500000000000014,,,,0,0,0.0
3,2023-10-03 09:18:00+05:30,1696304880,53.35,54.95,52.4,53.5,1039050,2023-10-03,09:18:00,,,,2.5500000000000043,,,,0,0,0.0
4,2023-10-03 09:19:00+05:30,1696304940,53.25,54.35,52.95,53.25,909600,2023-10-03,09:19:00,,,,1.3999999999999986,,,,0,0,0.0
5,2023-10-03 09:20:00+05:30,1696305000,53.2,54.35,52.55,52.95,1482950,2023-10-03,09:20:00,,,,1.8000000000000043,,,,0,0,0.0
6,2023-10-03 09:21:00+05:30,1696305060,52.85,54.7,51.7,54.35,1077300,2023-10-03,09:21:00,,,,3.0,,,,0,0,0.0
7,2023-10-03 09:22:00+05:30,1696305120,53.9,56.15,52.6,54.5,857850,2023-10-03,09:22:00,,,,3.549999999999997,,,,0,0,0.0
8,2023-10-03 09:23:00+05:30,1696305180,54.25,55.1,52.6,52.6,560550,2023-10-03,09:23:00,,,,2.5,,,,0,0,0.0
9,2023-10-03 09:24:00+05:30,1696305240,52.6,54.5,51.4,52.15,587600,2023-10-03,09:24:00,,,,3.1000000000000014,,,,0,0,0.0
10,2023-10-03 09:25:00+05:30,1696305300,51.7,52.75,50.65,50.7,888400,2023-10-03,09:25:00,,,,2.1000000000000014,,,,0,0,0.0
11,2023-10-03 09:26:00+05:30,1696305360,50.15,52.2,49.65,49.8,1361250,2023-10-03,09:26:00,,,,2.5500000000000043,,,,0,0,0.0
12,2023-10-03 09:27:00+05:30,1696305420,50.0,52.35,49.9,52.15,505650,2023-10-03,09:27:00,,,,2.5500000000000043,,,,0,0,0.0
13,2023-10-03 09:28:00+05:30,1696305480,51.55,53.75,51.55,52.85,471350,2023-10-03,09:28:00,,,33.21428571428572,2.200000000000003,,,,0,0,0.0
14,2023-10-03 09:29:00+05:30,1696305540,52.85,52.9,50.45,51.4,415700,2023-10-03,09:29:00,,,30.09708737864078,2.4499999999999957,2.667857142857144,44.896428571428565,58.453571428571436,0,0,0.0
15,2023-10-03 09:30:00+05:30,1696305600,51.15,51.7,50.45,50.7,536450,2023-10-03,09:30:00,,,38.114754098360656,1.25,2.3821428571428584,44.55357142857143,57.596428571428575,0,0,0.0
16,2023-10-03 09:31:00+05:30,1696305660,50.35,51.0,48.85,50.0,800750,2023-10-03,09:31:00,,,35.797665369649806,2.1499999999999986,2.3678571428571438,43.89642857142857,55.953571428571436,0,0,0.0
17,2023-10-03 09:32:00+05:30,1696305720,50.05,51.85,49.25,50.25,450550,2023-10-03,09:32:00,,,37.45173745173745,2.6000000000000014,2.3714285714285723,44.73571428571428,56.364285714285714,0,0,0.0
18,2023-10-03 09:33:00+05:30,1696305780,50.1,50.5,48.85,49.15,446750,2023-10-03,09:33:00,,,35.144927536231876,1.6499999999999986,2.389285714285715,43.332142857142856,56.017857142857146,0,0,0.0
19,2023-10-03 09:34:00+05:30,1696305840,48.8,48.8,45.7,45.85,1053950,2023-10-03,09:34:00,,,28.86904761904762,3.4499999999999957,2.507142857142857,41.278571428571425,53.221428571428575,0,0,0.0
20,2023-10-03 09:35:00+05:30,1696305900,45.4,46.3,44.6,46.15,808750,2023-10-03,09:35:00,,,23.88535031847134,1.6999999999999957,2.414285714285714,39.05714285714286,51.84285714285714,0,0,0.0
21,2023-10-03 09:36:00+05:30,1696305960,46.3,47.25,46.0,46.55,442650,2023-10-03,09:36:00,,,25.07836990595611,1.25,2.25,40.5,52.75,0,0,0.0
22,2023-10-03 09:37:00+05:30,1696306020,46.4,46.5,45.15,45.95,503050,2023-10-03,09:37:00,,,27.303754266211612,1.3999999999999986,2.1714285714285713,39.98571428571429,51.66428571428571,0,0,0.0
23,2023-10-03 09:38:00+05:30,1696306080,46.15,46.3,45.25,45.4,325850,2023-10-03,09:38:00,,,27.11864406779661,1.0499999999999972,2.0249999999999995,40.225,51.324999999999996,0,0,0.0
24,2023-10-03 09:39:00+05:30,1696306140,45.75,46.0,43.0,43.0,755450,2023-10-03,09:39:00,,,25.477707006369414,3.0,2.089285714285714,39.73214285714286,49.26785714285714,0,0,0.0
25,2023-10-03 09:40:00+05:30,1696306200,43.0,43.05,41.45,41.55,904550,2023-10-03,09:40:00,,,24.615384615384613,1.5999999999999943,2.02142857142857,36.98571428571429,47.51428571428571,0,0,0.0
26,2023-10-03 09:41:00+05:30,1696306260,41.25,43.45,40.65,43.25,1082800,2023-10-03,09:41:00,,,21.474358974358978,2.8000000000000043,2.0392857142857133,37.33214285714286,46.76785714285714,0,0,0.0
27,2023-10-03 09:42:00+05:30,1696306320,43.25,43.25,41.5,43.25,653750,2023-10-03,09:42:00,,,17.785234899328856,1.75,2.007142857142856,37.228571428571435,47.521428571428565,0,0,0.0
28,2023-10-03 09:43:00+05:30,1696306380,43.55,44.65,43.2,44.6,643350,2023-10-03,09:43:00,,,27.02702702702703,1.4499999999999957,1.9357142857142844,38.84285714285714,49.00714285714285,0,0,0.0
29,2023-10-03 09:44:00+05:30,1696306440,44.75,49.95,44.75,49.3,1460100,2023-10-03,09:44:00,,,46.27659574468083,5.350000000000001,2.2285714285714273,43.26428571428572,51.43571428571428,0,0,0.0
30,2023-10-03 09:45:00+05:30,1696306500,49.75,49.75,45.5,45.75,728050,2023-10-03,09:45:00,,,40.184757505773675,4.25,2.3785714285714272,42.61428571428572,52.63571428571428,0,0,0.0
31,2023-10-03 09:46:00+05:30,1696306560,45.0,47.65,44.1,46.15,738950,2023-10-03,09:46:00,,,40.59633027522935,3.549999999999997,2.44642857142857,40.31071428571429,51.43928571428571,0,0,0.0
32,2023-10-03 09:47:00+05:30,1696306620,46.0,46.7,44.2,44.2,403100,2023-10-03,09:47:00,,,39.0728476821192,2.5,2.507142857142856,39.17857142857144,51.72142857142857,0,0,0.0
33,2023-10-03 09:48:00+05:30,1696306680,43.75,46.3,43.45,45.7,548850,2023-10-03,09:48:00,,,49.64028776978417,2.8499999999999943,2.4642857142857126,38.90714285714286,50.84285714285714,0,0,0.0
34,2023-10-03 09:49:00+05:30,1696306740,45.35,46.0,44.0,44.15,339250,2023-10-03,09:49:00,,,45.47511312217194,2.0,2.4857142857142844,38.542857142857144,51.457142857142856,0,0,0.0
35,2023-10-03 09:50:00+05:30,1696306800,43.65,45.15,43.5,44.6,421600,2023-10-03,09:50:00,,,45.59819413092551,1.6499999999999986,2.514285714285713,37.60714285714286,51.04285714285714,0,0,0.0
36,2023-10-03 09:51:00+05:30,1696306860,44.6,45.95,44.0,44.6,378000,2023-10-03,09:51:00,,,46.8677494199536,1.9500000000000028,2.5535714285714275,38.28928571428572,51.660714285714285,0,0,0.0
37,2023-10-03 09:52:00+05:30,1696306920,44.7,45.25,42.05,43.55,501750,2023-10-03,09:52:00,,,45.804988662131514,3.200000000000003,2.7071428571428564,37.12857142857143,50.171428571428564,0,0,0.0
38,2023-10-03 09:53:00+05:30,1696306980,43.05,43.7,42.2,43.35,413900,2023-10-03,09:53:00,,,50.8816120906801,1.5,2.599999999999999,35.900000000000006,50.0,0,0,0.0
39,2023-10-03 09:54:00+05:30,1696307040,42.75,42.85,39.2,40.2,1285200,2023-10-03,09:54:00,,,46.86774941995361,4.149999999999999,2.782142857142857,34.50357142857143,47.54642857142858,0,0,0.0
40,2023-10-03 09:55:00+05:30,1696307100,39.95,40.65,38.3,40.65,1050350,2023-10-03,09:55:00,,,43.59605911330049,2.3500000000000014,2.7499999999999996,32.4,46.55,0,0,0.0
41,2023-10-03 09:56:00+05:30,1696307160,40.85,41.95,40.45,41.35,631700,2023-10-03,09:56:00,,,45.476190476190474,1.5,2.7321428571428568,33.75357142857143,48.64642857142857,0,0,0.0
42,2023-10-03 09:57:00+05:30,1696307220,41.35,43.1,40.8,41.35,503100,2023-10-03,09:57:00,,,41.730279898218825,2.3000000000000043,2.792857142857143,34.721428571428575,49.17857142857143,0,0,0.0
43,2023-10-03 09:58:00+05:30,1696307280,41.25,42.6,41.25,41.35,276850,2023-10-03,09:58:00,,,23.411371237458198,1.3500000000000014,2.507142857142857,35.07857142857143,48.77142857142857,0,0,0.0
44,2023-10-03 09:59:00+05:30,1696307340,41.15,42.3,40.55,40.6,360800,2023-10-03,09:59:00,,,28.80658436213993,1.75,2.3285714285714287,35.31428571428571,47.535714285714285,0,0,0.0
45,2023-10-03 10:00:00+05:30,1696307400,40.75,41.65,37.6,37.9,987550,2023-10-03,10:00:00,,,21.453287197231845,4.049999999999997,2.3642857142857143,34.55714285714286,44.69285714285714,0,0,0.0
46,2023-10-03 10:01:00+05:30,1696307460,38.2,39.05,37.8,37.8,899000,2023-10-03,10:01:00,,,24.603174603174594,1.25,2.275,32.224999999999994,44.625,0,0,0.0
47,2023-10-03 10:02:00+05:30,1696307520,37.15,38.35,37.05,38.15,853900,2023-10-03,10:02:00,,,17.03056768558953,1.3000000000000043,2.164285714285715,31.857142857142854,43.542857142857144,0,0,0.0
48,2023-10-03 10:03:00+05:30,1696307580,38.3,38.65,36.35,37.2,856650,2023-10-03,10:03:00,,,17.972350230414776,2.299999999999997,2.1857142857142864,32.09285714285714,42.90714285714286,0,0,0.0
49,2023-10-03 10:04:00+05:30,1696307640,37.0,37.75,36.9,37.45,397850,2023-10-03,10:04:00,46.52,,16.431924882629104,0.8500000000000014,2.1285714285714294,31.364285714285714,43.285714285714285,0,0,0.0
50,2023-10-03 10:05:00+05:30,1696307700,37.2,37.55,36.05,36.65,521900,2023-10-03,10:05:00,46.102,,15.28384279475982,1.5,2.096428571428572,31.26071428571428,42.339285714285715,0,0,0.0
51,2023-10-03 10:06:00+05:30,1696307760,36.5,38.0,36.3,37.5,756000,2023-10-03,10:06:00,45.78,,23.111111111111114,1.7000000000000028,1.989285714285715,32.03214285714286,42.26785714285714,0,0,0.0
52,2023-10-03 10:07:00+05:30,1696307820,37.6,38.8,37.5,38.6,537600,2023-10-03,10:07:00,45.479,,30.45267489711935,1.2999999999999972,1.9750000000000003,32.875,43.425,0,0,0.0
53,2023-10-03 10:08:00+05:30,1696307880,38.3,38.5,37.55,38.1,392800,2023-10-03,10:08:00,45.17099999999999,,38.94736842105263,1.0500000000000043,1.7535714285714294,33.239285714285714,42.81071428571428,0,0,0.0
54,2023-10-03 10:09:00+05:30,1696307940,38.05,38.1,37.0,37.75,286700,2023-10-03,10:09:00,44.861,,34.57446808510642,1.1000000000000014,1.664285714285715,33.107142857142854,41.99285714285715,0,0,0.0
55,2023-10-03 10:10:00+05:30,1696308000,37.85,37.9,37.05,37.9,565250,2023-10-03,10:10:00,44.56,,30.508474576271183,0.8500000000000014,1.6178571428571438,33.046428571428564,41.903571428571425,0,0,0.0
56,2023-10-03 10:11:00+05:30,1696308060,37.9,40.05,37.55,39.3,878900,2023-10-03,10:11:00,44.25900000000001,,39.99999999999999,2.5,1.6321428571428578,35.153571428571425,42.44642857142857,0,0,0.0
57,2023-10-03 10:12:00+05:30,1696308120,39.0,40.45,39.0,39.7,691750,2023-10-03,10:12:00,43.963,,42.25352112676058,1.4500000000000028,1.639285714285715,35.53214285714286,43.917857142857144,0,0,0.0
58,2023-10-03 10:13:00+05:30,1696308180,39.45,40.05,38.2,38.2,403250,2023-10-03,10:13:00,43.675,,39.47368421052634,1.8499999999999943,1.6464285714285718,35.11071428571428,43.13928571428572,0,0,0.0
59,2023-10-03 10:14:00+05:30,1696308240,38.2,38.8,37.65,38.3,265950,2023-10-03,10:14:00,43.398,,52.272727272727266,1.1499999999999986,1.4392857142857147,34.482142857142854,41.96785714285714,0,0,0.0
60,2023-10-03 10:15:00+05:30,1696308300,38.5,41.0,37.7,40.5,423900,2023-10-03,10:15:00,43.193999999999996,,62.38532110091744,3.299999999999997,1.5857142857142859,36.24285714285714,42.45714285714286,0,0,0.0
61,2023-10-03 10:16:00+05:30,1696308360,40.6,40.6,39.25,40.35,354450,2023-10-03,10:16:00,43.005,,60.28037383177571,1.3500000000000014,1.5892857142857142,35.832142857142856,44.01785714285714,0,0,0.0
62,2023-10-03 10:17:00+05:30,1696308420,40.55,42.25,40.35,42.0,676700,2023-10-03,10:17:00,42.802,,71.05263157894734,1.8999999999999986,1.5607142857142857,37.56785714285714,45.03214285714286,0,0,0.0
63,2023-10-03 10:18:00+05:30,1696308480,42.2,45.0,42.2,44.8,979050,2023-10-03,10:18:00,42.641000000000005,,76.34408602150535,3.0,1.7142857142857142,39.85714285714286,47.34285714285714,0,0,0.0
64,2023-10-03 10:19:00+05:30,1696308540,45.2,46.5,43.2,43.55,1126200,2023-10-03,10:19:00,42.483999999999995,,73.95833333333333,3.299999999999997,1.8428571428571427,40.971428571428575,48.72857142857143,0,0,0.0
65,2023-10-03 10:20:00+05:30,1696308600,43.8,44.35,42.05,43.7,645950,2023-10-03,10:20:00,42.34400000000001,,72.62773722627738,2.3000000000000043,1.8857142857142857,38.69285714285714,47.707142857142856,0,0,0.0
66,2023-10-03 10:21:00+05:30,1696308660,43.55,44.2,42.5,43.0,436850,2023-10-03,10:21:00,42.20400000000001,,66.54135338345864,1.7000000000000028,1.9142857142857146,38.457142857142856,48.24285714285715,0,0,0.0
67,2023-10-03 10:22:00+05:30,1696308720,42.65,43.2,41.35,42.35,463400,2023-10-03,10:22:00,42.04600000000001,,65.79925650557621,1.8500000000000014,1.9714285714285715,37.28571428571429,47.26428571428572,0,0,0.0
68,2023-10-03 10:23:00+05:30,1696308780,42.1,42.65,40.2,42.3,491950,2023-10-03,10:23:00,41.909000000000006,,67.30038022813687,2.4499999999999957,2.0678571428571426,36.44642857142857,46.40357142857143,0,0,0.0
69,2023-10-03 10:24:00+05:30,1696308840,42.65,44.25,41.95,44.25,471100,2023-10-03,10:24:00,41.87700000000001,,71.23745819397993,2.299999999999997,2.171428571428571,37.73571428571429,48.464285714285715,0,0,0.0
70,2023-10-03 10:25:00+05:30,1696308900,43.75,45.25,43.75,45.0,470700,2023-10-03,10:25:00,41.854000000000006,,69.93006993006992,1.5,2.099999999999999,38.95,50.05,0,0,0.0
71,2023-10-03 10:26:00+05:30,1696308960,44.9,48.1,44.05,47.0,915200,2023-10-03,10:26:00,41.863,,72.95597484276728,4.050000000000004,2.285714285714285,41.24285714285715,50.90714285714285,0,0,0.0
72,2023-10-03 10:27:00+05:30,1696309020,47.6,49.4,46.2,46.5,1108550,2023-10-03,10:27:00,41.874,,77.85234899328856,3.1999999999999957,2.3821428571428567,42.253571428571426,53.346428571428575,0,0,0.0
73,2023-10-03 10:28:00+05:30,1696309080,46.65,47.55,45.75,47.55,474900,2023-10-03,10:28:00,41.917,,79.17981072555203,1.7999999999999972,2.428571428571428,40.26428571428571,53.035714285714285,0,0,0.0
74,2023-10-03 10:29:00+05:30,1696309140,47.7,48.7,47.6,48.5,625200,2023-10-03,10:29:00,42.027,,77.39726027397259,1.1500000000000057,2.275,41.875,54.425,0,0,0.0
75,2023-10-03 10:30:00+05:30,1696309200,48.3,48.7,46.75,48.4,520450,2023-10-03,10:30:00,42.163999999999994,,77.6632302405498,1.9500000000000028,2.317857142857143,41.746428571428574,53.70357142857143,0,0,0.0
76,2023-10-03 10:31:00+05:30,1696309260,48.5,49.2,45.35,46.2,626400,2023-10-03,10:31:00,42.22299999999999,,63.907284768211916,3.8500000000000014,2.4571428571428577,41.82857142857143,52.721428571428575,0,0,0.0
77,2023-10-03 10:32:00+05:30,1696309320,46.55,48.4,46.55,47.4,412300,2023-10-03,10:32:00,42.306,,59.629629629629626,2.1999999999999957,2.4,41.2,53.75,0,0,0.0
78,2023-10-03 10:33:00+05:30,1696309380,47.5,48.0,46.6,47.4,288450,2023-10-03,10:33:00,42.361999999999995,,65.71428571428571,1.3999999999999986,2.2642857142857147,41.207142857142856,53.392857142857146,0,0,0.0
79,2023-10-03 10:34:00+05:30,1696309440,47.5,47.5,44.2,44.35,514700,2023-10-03,10:34:00,42.263000000000005,,52.14521452145215,3.299999999999997,2.3357142857142854,40.49285714285715,51.207142857142856,0,0,0.0
80,2023-10-03 10:35:00+05:30,1696309500,44.6,46.5,44.35,45.45,341850,2023-10-03,10:35:00,42.257000000000005,,57.877813504823166,2.1499999999999986,2.3678571428571424,39.39642857142857,51.45357142857143,0,0,0.0
81,2023-10-03 10:36:00+05:30,1696309560,45.5,45.55,39.95,39.95,1078350,2023-10-03,10:36:00,42.133,,44.117647058823536,5.599999999999994,2.635714285714285,37.64285714285714,47.85714285714286,0,0,0.0
82,2023-10-03 10:37:00+05:30,1696309620,40.1,41.2,38.6,39.55,708400,2023-10-03,10:37:00,42.04,,43.373493975903614,2.6000000000000014,2.646428571428571,33.260714285714286,46.53928571428571,0,0,0.0
83,2023-10-03 10:38:00+05:30,1696309680,39.6,41.35,39.55,41.35,315300,2023-10-03,10:38:00,41.953,,42.96116504854369,1.8000000000000043,2.6107142857142853,33.517857142857146,47.38214285714285,0,0,0.0
84,2023-10-03 10:39:00+05:30,1696309740,41.3,43.25,40.6,43.25,419550,2023-10-03,10:39:00,41.935,,45.97701149425287,2.6499999999999986,2.6928571428571426,35.17142857142857,48.67857142857143,0,0,0.0
85,2023-10-03 10:40:00+05:30,1696309800,43.45,45.1,42.75,43.9,558150,2023-10-03,10:40:00,41.92100000000001,,42.40196078431372,2.3500000000000014,2.5714285714285707,37.385714285714286,50.46428571428571,0,0,0.0
86,2023-10-03 10:41:00+05:30,1696309860,43.8,44.4,41.85,43.9,341800,2023-10-03,10:41:00,41.907,,43.46733668341708,2.549999999999997,2.5249999999999995,36.825,49.425,0,0,0.0
87,2023-10-03 10:42:00+05:30,1696309920,44.15,44.15,41.8,42.0,278850,2023-10-03,10:42:00,41.876,,36.626506024096386,2.3500000000000014,2.564285714285714,36.457142857142856,49.49285714285714,0,0,0.0
88,2023-10-03 10:43:00+05:30,1696309980,42.2,42.4,40.6,41.2,288200,2023-10-03,10:43:00,41.833,,32.281553398058264,1.7999999999999972,2.610714285714285,34.56785714285714,48.43214285714286,0,0,0.0
89,2023-10-03 10:44:00+05:30,1696310040,40.8,41.6,39.65,39.9,339500,2023-10-03,10:44:00,41.827000000000005,,30.504587155963307,1.9500000000000028,2.610714285714285,33.767857142857146,47.482142857142854,0,0,0.0
90,2023-10-03 10:45:00+05:30,1696310100,39.75,39.85,38.85,39.05,426050,2023-10-03,10:45:00,41.795,,32.518337408312945,1.0499999999999972,2.4107142857142847,32.61785714285715,46.082142857142856,0,0,0.0
91,2023-10-03 10:46:00+05:30,1696310160,39.05,39.3,37.5,38.6,503850,2023-10-03,10:46:00,41.74,,27.664974619289353,1.7999999999999972,2.3821428571428562,32.153571428571425,44.64642857142857,0,0,0.0
92,2023-10-03 10:47:00+05:30,1696310220,38.8,40.35,38.3,39.65,318300,2023-10-03,10:47:00,41.706,,31.325301204819283,2.0500000000000043,2.428571428571428,33.06428571428572,45.58571428571428,0,0,0.0
93,2023-10-03 10:48:00+05:30,1696310280,39.55,39.55,37.2,38.75,361600,2023-10-03,10:48:00,41.653999999999996,,34.94623655913978,2.4499999999999957,2.3678571428571424,32.44642857142857,44.30357142857143,0,0,0.0
94,2023-10-03 10:49:00+05:30,1696310340,38.6,39.0,38.0,38.4,266750,2023-10-03,10:49:00,41.61,,30.252100840336126,1.0,2.285714285714285,32.142857142857146,44.857142857142854,0,0,0.0
95,2023-10-03 10:50:00+05:30,1696310400,38.3,39.0,38.3,38.35,183400,2023-10-03,10:50:00,41.619,,43.54838709677419,0.7000000000000028,1.9357142857142857,33.19285714285714,44.107142857142854,0,0,0.0
96,2023-10-03 10:51:00+05:30,1696310460,38.4,41.7,38.4,41.3,513150,2023-10-03,10:51:00,41.68899999999999,,55.85284280936456,3.3500000000000014,1.9892857142857143,35.73214285714286,44.36785714285714,0,0,0.0
97,2023-10-03 10:52:00+05:30,1696310520,41.45,42.4,41.15,41.15,438350,2023-10-03,10:52:00,41.749,,49.248120300751864,1.25,1.9499999999999997,36.55,47.0,0,0,0.0
98,2023-10-03 10:53:00+05:30,1696310580,41.4,41.45,39.6,40.75,299350,2023-10-03,10:53:00,41.82,,39.406779661016934,1.8500000000000014,1.8928571428571428,35.77142857142857,45.27857142857143,0,0,0.0
99,2023-10-03 10:54:00+05:30,1696310640,40.75,41.7,40.6,41.5,194300,2023-10-03,10:54:00,41.901,,39.915966386554615,1.1000000000000014,1.8035714285714286,36.28928571428572,46.010714285714286,0,0,0.0
100,2023-10-03 10:55:00+05:30,1696310700,41.55,43.3,40.5,43.15,350750,2023-10-03,10:55:00,42.03099999999999,,47.23247232472325,2.799999999999997,1.8214285714285714,37.83571428571428,45.964285714285715,0,0,0.0
101,2023-10-03 10:56:00+05:30,1696310760,43.25,43.25,40.5,42.75,427000,2023-10-03,10:56:00,42.135999999999996,,53.11203319502075,2.75,1.8499999999999999,37.7,46.05,0,0,0.0
102,2023-10-03 10:57:00+05:30,1696310820,42.2,42.2,41.55,41.8,176450,2023-10-03,10:57:00,42.2,,52.4590163934426,1.2000000000000028,1.8071428571428574,36.77857142857143,46.97142857142857,0,0,0.0
103,2023-10-03 10:58:00+05:30,1696310880,41.65,42.05,40.4,40.65,192650,2023-10-03,10:58:00,42.251000000000005,,53.11203319502075,1.6499999999999986,1.7857142857142858,36.692857142857136,45.75714285714285,0,0,0.0
104,2023-10-03 10:59:00+05:30,1696310940,40.75,42.0,40.7,41.6,193250,2023-10-03,10:59:00,42.328,,60.49382716049386,1.3500000000000014,1.8071428571428574,36.57857142857143,46.121428571428574,0,0,0.0
105,2023-10-03 11:00:00+05:30,1696311000,41.75,42.45,40.25,40.55,264900,2023-10-03,11:00:00,42.381,,57.6470588235294,2.200000000000003,1.8357142857142865,36.94285714285714,45.75714285714286,0,0,0.0
106,2023-10-03 11:01:00+05:30,1696311060,40.75,40.9,39.1,39.85,352900,2023-10-03,11:01:00,42.391999999999996,,50.80645161290324,1.7999999999999972,1.817857142857143,35.44642857142857,44.55357142857143,0,0,0.0
107,2023-10-03 11:02:00+05:30,1696311120,39.85,41.25,39.3,40.55,224650,2023-10-03,11:02:00,42.409,,57.377049180327866,1.9500000000000028,1.782142857142858,35.903571428571425,44.64642857142857,0,0,0.0
108,2023-10-03 11:03:00+05:30,1696311180,40.85,40.85,39.65,40.0,186900,2023-10-03,11:03:00,42.445,,56.451612903225815,1.2000000000000028,1.7964285714285724,35.46071428571428,45.03928571428572,0,0,0.0
109,2023-10-03 11:04:00+05:30,1696311240,40.0,40.05,38.7,38.8,280300,2023-10-03,11:04:00,42.455,,51.660516605166045,1.3499999999999943,1.8428571428571432,34.521428571428565,44.228571428571435,0,0,0.0
110,2023-10-03 11:05:00+05:30,1696311300,39.05,40.65,38.65,40.4,257850,2023-10-03,11:05:00,42.453,,46.31147540983607,2.0,1.7464285714285717,35.410714285714285,43.88928571428571,0,0,0.0
111,2023-10-03 11:06:00+05:30,1696311360,40.2,41.6,40.0,40.8,240500,2023-10-03,11:06:00,42.461999999999996,,48.594377510040154,1.6000000000000014,1.7714285714285718,36.285714285714285,45.31428571428572,0,0,0.0
112,2023-10-03 11:07:00+05:30,1696311420,40.65,42.2,40.45,41.8,281500,2023-10-03,11:07:00,42.458,,54.02298850574712,1.75,1.7642857142857145,36.90714285714286,45.74285714285715,0,0,0.0
113,2023-10-03 11:08:00+05:30,1696311480,41.9,42.75,39.9,40.8,448350,2023-10-03,11:08:00,42.378,,47.36842105263156,2.8500000000000014,1.8892857142857145,37.082142857142856,45.56785714285714,0,0,0.0
114,2023-10-03 11:09:00+05:30,1696311540,40.55,40.95,40.0,40.0,168800,2023-10-03,11:09:00,42.30700000000001,,37.34939759036145,0.9500000000000028,1.7571428571428578,35.67857142857143,45.27142857142857,0,0,0.0
115,2023-10-03 11:10:00+05:30,1696311600,40.25,40.6,39.6,40.45,152400,2023-10-03,11:10:00,42.242,,40.80000000000001,1.0,1.6321428571428578,35.70357142857143,44.496428571428574,0,0,0.0
116,2023-10-03 11:11:00+05:30,1696311660,40.55,40.75,39.75,39.95,186700,2023-10-03,11:11:00,42.181,,42.323651452282185,1.0,1.6178571428571433,35.89642857142857,44.60357142857143,0,0,0.0
117,2023-10-03 11:12:00+05:30,1696311720,39.75,40.45,39.35,40.2,236000,2023-10-03,11:12:00,42.138000000000005,,47.982062780269075,1.1000000000000014,1.5785714285714292,35.714285714285715,44.08571428571429,0,0,0.0
118,2023-10-03 11:13:00+05:30,1696311780,40.2,41.1,39.85,40.0,195900,2023-10-03,11:13:00,42.092,,42.30769230769229,1.25,1.5714285714285718,36.385714285714286,44.56428571428572,0,0,0.0
119,2023-10-03 11:14:00+05:30,1696311840,40.15,40.45,39.75,40.05,106150,2023-10-03,11:14:00,42.007999999999996,,47.34042553191489,0.7000000000000028,1.4642857142857149,36.05714285714286,44.142857142857146,0,0,0.0
120,2023-10-03 11:15:00+05:30,1696311900,40.05,42.1,39.65,42.1,301300,2023-10-03,11:15:00,41.95,,60.46511627906977,2.450000000000003,1.5107142857142866,37.56785714285714,44.18214285714286,0,0,0.0
121,2023-10-03 11:16:00+05:30,1696311960,42.05,43.0,41.9,42.55,383600,2023-10-03,11:16:00,41.861,,59.523809523809526,1.1000000000000014,1.4500000000000008,38.65,46.25,0,0,0.0
122,2023-10-03 11:17:00+05:30,1696312020,43.0,43.0,41.7,42.55,216450,2023-10-03,11:17:00,41.782,,62.81407035175877,1.2999999999999972,1.4571428571428575,38.628571428571426,46.07142857142858,0,0,0.0
123,2023-10-03 11:18:00+05:30,1696312080,42.3,43.0,42.0,42.3,224650,2023-10-03,11:18:00,41.677,,69.44444444444444,1.0,1.432142857142858,38.70357142857142,46.29642857142858,0,0,0.0
124,2023-10-03 11:19:00+05:30,1696312140,42.4,42.4,40.9,41.7,300350,2023-10-03,11:19:00,41.541000000000004,,58.12500000000003,1.5,1.3964285714285722,38.21071428571428,45.089285714285715,0,0,0.0
125,2023-10-03 11:20:00+05:30,1696312200,41.9,42.6,41.65,41.95,173050,2023-10-03,11:20:00,41.412,,57.324840764331256,0.9500000000000028,1.350000000000001,38.55,45.7,0,0,0.0
126,2023-10-03 11:21:00+05:30,1696312260,41.85,42.2,41.0,41.1,197000,2023-10-03,11:21:00,41.31,,45.45454545454548,1.2000000000000028,1.3107142857142868,38.26785714285714,44.932142857142864,0,0,0.0
127,2023-10-03 11:22:00+05:30,1696312320,41.15,41.6,39.6,40.05,232600,2023-10-03,11:22:00,41.163000000000004,,45.16129032258065,2.0,1.250000000000001,37.849999999999994,43.35000000000001,0,0,0.0
128,2023-10-03 11:23:00+05:30,1696312380,40.15,43.35,39.95,43.35,392800,2023-10-03,11:23:00,41.082,,66.34146341463415,3.3999999999999986,1.4250000000000007,39.075,44.22500000000001,0,0,0.0
129,2023-10-03 11:24:00+05:30,1696312440,43.5,47.15,42.75,45.45,1308700,2023-10-03,11:24:00,41.104000000000006,,71.00840336134453,4.399999999999999,1.6678571428571434,42.14642857142857,47.75357142857143,0,0,0.0
130,2023-10-03 11:25:00+05:30,1696312500,45.5,48.0,45.3,47.7,771650,2023-10-03,11:25:00,41.148999999999994,,78.38827838827838,2.700000000000003,1.789285714285715,42.63214285714285,50.667857142857144,0,0,0.0
131,2023-10-03 11:26:00+05:30,1696312560,47.7,48.55,47.35,47.9,811350,2023-10-03,11:26:00,41.308,,78.30882352941175,1.1999999999999957,1.796428571428572,43.16071428571428,52.739285714285714,0,0,0.0
132,2023-10-03 11:27:00+05:30,1696312620,47.85,49.9,47.0,47.2,1077900,2023-10-03,11:27:00,41.461000000000006,,75.53191489361704,2.8999999999999986,1.9142857142857146,44.15714285714286,52.74285714285715,0,0,0.0
133,2023-10-03 11:28:00+05:30,1696312680,47.5,47.7,45.75,45.75,537550,2023-10-03,11:28:00,41.549,,68.38709677419355,1.9500000000000028,2.003571428571429,41.68928571428572,51.760714285714286,0,0,0.0
134,2023-10-03 11:29:00+05:30,1696312740,45.85,47.05,44.4,46.95,572050,2023-10-03,11:29:00,41.623000000000005,,66.5529010238908,2.6499999999999986,2.017857142857143,40.99642857142857,50.45357142857143,0,0,0.0
135,2023-10-03 11:30:00+05:30,1696312800,46.9,47.9,46.65,47.8,340200,2023-10-03,11:30:00,41.701,,67.44186046511628,1.25,2.0285714285714285,41.81428571428572,52.73571428571428,0,0,0.0
136,2023-10-03 11:31:00+05:30,1696312860,47.95,48.3,47.2,47.6,397650,2023-10-03,11:31:00,41.775,,66.55737704918035,1.0999999999999943,2.014285714285714,42.25714285714285,53.24285714285715,0,0,0.0
137,2023-10-03 11:32:00+05:30,1696312920,47.3,47.8,46.2,46.9,342650,2023-10-03,11:32:00,41.873000000000005,,64.64968152866243,1.5999999999999943,2.0571428571428565,41.628571428571426,52.371428571428574,0,0,0.0
138,2023-10-03 11:33:00+05:30,1696312980,47.0,47.9,46.6,47.15,240650,2023-10-03,11:33:00,41.992,,67.75244299674264,1.2999999999999972,2.042857142857142,41.77142857142857,52.72857142857143,0,0,0.0
139,2023-10-03 11:34:00+05:30,1696313040,47.35,47.35,46.0,46.4,467800,2023-10-03,11:34:00,42.122,,64.03785488958988,1.3500000000000014,2.0714285714285703,41.13571428571429,52.21428571428571,0,0,0.0
140,2023-10-03 11:35:00+05:30,1696313100,46.15,46.25,40.6,41.9,1071450,2023-10-03,11:35:00,42.178999999999995,,52.05128205128204,5.799999999999997,2.3999999999999986,39.050000000000004,47.8,0,0,0.0
141,2023-10-03 11:36:00+05:30,1696313160,42.35,44.25,41.65,43.0,527200,2023-10-03,11:36:00,42.266999999999996,,57.544757033248096,2.6000000000000014,2.4428571428571417,36.92142857142858,48.97857142857143,0,0,0.0
142,2023-10-03 11:37:00+05:30,1696313220,43.15,45.5,42.75,45.4,421500,2023-10-03,11:37:00,42.382,,55.495978552278814,2.75,2.39642857142857,38.31071428571429,49.93928571428571,0,0,0.0
143,2023-10-03 11:38:00+05:30,1696313280,45.6,46.0,44.5,45.7,319400,2023-10-03,11:38:00,42.520999999999994,,50.741839762611285,1.5,2.189285714285713,39.432142857142864,51.067857142857136,0,0,0.0
144,2023-10-03 11:39:00+05:30,1696313340,45.7,46.55,44.75,46.25,382750,2023-10-03,11:39:00,42.67799999999999,,45.214521452145206,1.7999999999999972,2.1249999999999987,40.175,51.125,0,0,0.0
145,2023-10-03 11:40:00+05:30,1696313400,46.4,46.6,45.5,46.1,256250,2023-10-03,11:40:00,42.83299999999999,,44.039735099337754,1.1000000000000014,2.1178571428571416,40.24642857142858,51.85357142857143,0,0,0.0
146,2023-10-03 11:41:00+05:30,1696313460,45.8,46.9,44.9,45.5,348300,2023-10-03,11:41:00,42.917,,44.33333333333332,2.0,2.0535714285714275,40.739285714285714,51.06071428571428,0,0,0.0
147,2023-10-03 11:42:00+05:30,1696313520,45.5,46.35,45.1,45.9,236900,2023-10-03,11:42:00,43.012,,50.537634408602145,1.25,2.0035714285714272,40.33928571428572,51.11071428571428,0,0,0.0
148,2023-10-03 11:43:00+05:30,1696313580,46.05,46.3,45.25,45.3,176300,2023-10-03,11:43:00,43.103,,43.820224719101105,1.0499999999999972,1.889285714285713,40.63214285714286,50.91785714285714,0,0,0.0
149,2023-10-03 11:44:00+05:30,1696313640,45.45,45.45,42.0,43.0,472000,2023-10-03,11:44:00,43.133,,33.78378378378379,3.450000000000003,2.0464285714285704,39.31071428571429,48.13928571428571,0,0,0.0
150,2023-10-03 11:45:00+05:30,1696313700,42.6,42.6,40.45,41.6,540450,2023-10-03,11:45:00,43.102,,31.25,2.549999999999997,2.149999999999999,36.150000000000006,46.9,0,0,0.0
151,2023-10-03 11:46:00+05:30,1696313760,41.5,42.6,40.3,40.35,351100,2023-10-03,11:46:00,43.053999999999995,,30.21148036253777,2.3000000000000043,2.1999999999999997,36.0,46.9,0,0,0.0
152,2023-10-03 11:47:00+05:30,1696313820,39.95,39.95,38.25,38.7,770550,2023-10-03,11:47:00,42.992000000000004,,26.46239554317549,2.1000000000000014,2.257142857142857,33.17857142857143,45.02142857142857,0,0,0.0
153,2023-10-03 11:48:00+05:30,1696313880,38.65,38.7,36.0,37.1,940800,2023-10-03,11:48:00,42.92100000000001,,25.265957446808514,2.700000000000003,2.3535714285714286,31.639285714285716,43.06071428571428,0,0,0.0
154,2023-10-03 11:49:00+05:30,1696313940,36.85,39.2,36.3,38.7,639750,2023-10-03,11:49:00,42.863,,39.937106918239,2.9000000000000057,2.1464285714285722,32.760714285714286,42.739285714285714,0,0,0.0
155,2023-10-03 11:50:00+05:30,1696314000,38.45,39.65,37.7,39.25,361300,2023-10-03,11:50:00,42.836999999999996,,37.78501628664495,1.9499999999999957,2.1000000000000005,33.349999999999994,44.00000000000001,0,0,0.0
156,2023-10-03 11:51:00+05:30,1696314060,39.1,39.95,38.85,38.85,277100,2023-10-03,11:51:00,42.817,,25.468164794007492,1.1000000000000014,1.9821428571428577,34.00357142857143,44.79642857142858,0,0,0.0
157,2023-10-03 11:52:00+05:30,1696314120,38.6,39.35,38.2,39.35,166150,2023-10-03,11:52:00,42.793,,26.5682656826568,1.1499999999999986,1.9571428571428575,33.47857142857143,44.07142857142858,0,0,0.0
158,2023-10-03 11:53:00+05:30,1696314180,39.25,39.25,38.05,38.9,169900,2023-10-03,11:53:00,42.770999999999994,,22.676579925650543,1.3000000000000043,1.9214285714285724,33.48571428571428,43.81428571428572,0,0,0.0
159,2023-10-03 11:54:00+05:30,1696314240,38.85,39.2,38.6,38.9,125650,2023-10-03,11:54:00,42.773,,22.93233082706766,0.6000000000000014,1.8857142857142866,33.542857142857144,44.25714285714286,0,0,0.0
160,2023-10-03 11:55:00+05:30,1696314300,38.55,39.3,38.0,39.25,237550,2023-10-03,11:55:00,42.75,,26.053639846743295,1.2999999999999972,1.8357142857142865,33.79285714285714,43.50714285714286,0,0,0.0
161,2023-10-03 11:56:00+05:30,1696314360,39.0,39.45,38.1,38.3,187400,2023-10-03,11:56:00,42.7,,22.058823529411754,1.3500000000000014,1.8428571428571436,33.92142857142857,43.62857142857143,0,0,0.0
162,2023-10-03 11:57:00+05:30,1696314420,38.15,39.25,37.95,38.15,271100,2023-10-03,11:57:00,42.62700000000001,,22.813688212927758,1.2999999999999972,1.8607142857142864,33.667857142857144,43.53214285714286,0,0,0.0
163,2023-10-03 11:58:00+05:30,1696314480,38.45,38.6,37.6,38.2,235650,2023-10-03,11:58:00,42.575,,27.981651376146814,1.0,1.6857142857142864,33.542857142857144,42.65714285714286,0,0,0.0
164,2023-10-03 11:59:00+05:30,1696314540,38.25,38.6,37.15,37.25,211750,2023-10-03,11:59:00,42.52,,29.186602870813402,1.4500000000000028,1.607142857142858,33.778571428571425,41.971428571428575,0,0,0.0
165,2023-10-03 12:00:00+05:30,1696314600,37.4,38.4,37.4,37.85,163150,2023-10-03,12:00:00,42.468,,37.24489795918369,1.1499999999999986,1.5250000000000006,33.824999999999996,41.975,0,0,0.0
166,2023-10-03 12:01:00+05:30,1696314660,37.85,38.55,37.6,38.4,200350,2023-10-03,12:01:00,42.437,,48.275862068965495,0.9499999999999957,1.442857142857143,34.22142857142857,41.92857142857143,0,0,0.0
167,2023-10-03 12:02:00+05:30,1696314720,38.35,39.05,38.2,38.75,196600,2023-10-03,12:02:00,42.408,,61.07382550335568,0.8499999999999943,1.3107142857142853,35.11785714285714,42.13214285714286,0,0,0.0
168,2023-10-03 12:03:00+05:30,1696314780,38.65,38.75,37.9,38.1,151950,2023-10-03,12:03:00,42.37,,45.38461538461538,0.8500000000000014,1.1642857142857135,35.25714285714286,41.39285714285714,0,0,0.0
169,2023-10-03 12:04:00+05:30,1696314840,38.1,39.05,37.7,38.8,266700,2023-10-03,12:04:00,42.345,,46.61654135338344,1.3499999999999943,1.1214285714285706,35.68571428571428,41.06428571428572,0,0,0.0
170,2023-10-03 12:05:00+05:30,1696314900,38.85,40.2,38.8,39.65,473450,2023-10-03,12:05:00,42.29600000000001,,55.633802816901394,1.4000000000000057,1.1428571428571423,36.77142857142857,42.22857142857143,0,0,0.0
171,2023-10-03 12:06:00+05:30,1696314960,39.75,41.4,39.4,41.15,434400,2023-10-03,12:06:00,42.267999999999994,,61.11111111111108,2.0,1.203571428571428,37.78928571428571,43.010714285714286,0,0,0.0
172,2023-10-03 12:07:00+05:30,1696315020,41.3,41.3,40.1,41.05,297050,2023-10-03,12:07:00,42.238,,63.87096774193546,1.1999999999999957,1.1964285714285705,37.71071428571429,43.68928571428572,0,0,0.0
173,2023-10-03 12:08:00+05:30,1696315080,41.1,41.9,40.7,41.8,262750,2023-10-03,12:08:00,42.228,,67.05882352941174,1.1999999999999957,1.2392857142857128,38.182142857142864,44.417857142857144,0,0,0.0
174,2023-10-03 12:09:00+05:30,1696315140,41.7,41.7,40.2,41.6,280750,2023-10-03,12:09:00,42.226000000000006,,64.07185628742516,1.5999999999999943,1.2607142857142841,37.91785714285715,43.982142857142854,0,0,0.0
175,2023-10-03 12:10:00+05:30,1696315200,41.75,41.75,40.35,41.4,260500,2023-10-03,12:10:00,42.215,,70.39473684210526,1.3999999999999986,1.2642857142857125,37.95714285714286,44.14285714285714,0,0,0.0
176,2023-10-03 12:11:00+05:30,1696315260,41.3,41.7,40.9,41.55,181900,2023-10-03,12:11:00,42.224,,72.36842105263156,0.8000000000000043,1.2285714285714273,38.01428571428572,44.58571428571428,0,0,0.0
177,2023-10-03 12:12:00+05:30,1696315320,41.55,41.55,40.85,40.85,171750,2023-10-03,12:12:00,42.24,,66.06060606060606,0.6999999999999957,1.2071428571428555,37.92857142857143,44.47142857142857,0,0,0.0
178,2023-10-03 12:13:00+05:30,1696315380,40.6,41.0,38.8,40.7,506050,2023-10-03,12:13:00,42.187,,73.15436241610743,2.200000000000003,1.2607142857142841,37.21785714285715,42.58214285714285,0,0,0.0
179,2023-10-03 12:14:00+05:30,1696315440,40.7,41.2,40.1,40.3,205850,2023-10-03,12:14:00,42.083999999999996,,66.89655172413791,1.1000000000000014,1.2571428571428558,37.42857142857144,43.87142857142857,0,0,0.0
180,2023-10-03 12:15:00+05:30,1696315500,40.35,40.9,40.25,40.85,57250,2023-10-03,12:15:00,41.94700000000001,,66.89655172413795,0.6499999999999986,1.2357142857142844,37.19285714285714,43.957142857142856,0,0,0.0
